Niro, Shelley	Ramlochand, Ramona
Fortier, Julie-C.	Ramlochand, Ramona
Fortier, Julie-C.	Niro, Shelley
Dechene, Reuel	Ramlochand, Ramona
Dechene, Reuel	Niro, Shelley
Dechene, Reuel	Fortier, Julie-C.
Bouchard, Carl	Ramlochand, Ramona
Bouchard, Carl	Niro, Shelley
Bouchard, Carl	Fortier, Julie-C.
Bouchard, Carl	Dechene, Reuel
Boehme, John	Ramlochand, Ramona
Boehme, John	Niro, Shelley
Boehme, John	Fortier, Julie-C.
Boehme, John	Dechene, Reuel
Boehme, John	Bouchard, Carl
Barry, Kate	Ramlochand, Ramona
Barry, Kate	Niro, Shelley
Barry, Kate	Fortier, Julie-C.
Barry, Kate	Dechene, Reuel
Barry, Kate	Bouchard, Carl
Barry, Kate	Boehme, John
Ant Farm	Ramlochand, Ramona
Ant Farm	Niro, Shelley
Ant Farm	Fortier, Julie-C.
Ant Farm	Dechene, Reuel
Ant Farm	Bouchard, Carl
Ant Farm	Boehme, John
Ant Farm	Barry, Kate
Adams, Kim	Ramlochand, Ramona
Adams, Kim	Niro, Shelley
Adams, Kim	Fortier, Julie-C.
Adams, Kim	Dechene, Reuel
Adams, Kim	Bouchard, Carl
Adams, Kim	Boehme, John
Adams, Kim	Barry, Kate
Adams, Kim	Ant Farm
Action Terroriste Socialement Acceptable (Atsa)	Ramlochand, Ramona
Action Terroriste Socialement Acceptable (Atsa)	Niro, Shelley
Action Terroriste Socialement Acceptable (Atsa)	Fortier, Julie-C.
Action Terroriste Socialement Acceptable (Atsa)	Dechene, Reuel
Action Terroriste Socialement Acceptable (Atsa)	Bouchard, Carl
Action Terroriste Socialement Acceptable (Atsa)	Boehme, John
Action Terroriste Socialement Acceptable (Atsa)	Barry, Kate
Action Terroriste Socialement Acceptable (Atsa)	Ant Farm
Action Terroriste Socialement Acceptable (Atsa)	Adams, Kim
Martinez, Ilyana	Z'otz* Collective
Jerezano, Erik	Z'otz* Collective
Jerezano, Erik	Martinez, Ilyana
Flores, Nahum	Z'otz* Collective
Flores, Nahum	Martinez, Ilyana
Flores, Nahum	Jerezano, Erik
